{
  "epoch": [
    1,
    2,
    3,
    4,
    5
  ],
  "loss": [
    2.510720401833536,
    2.4558280445437717,
    2.444041364475687,
    2.4506833085822595,
    2.4373394423955252
  ],
  "perplexity": [
    12.313797748453348,
    11.656081308470107,
    11.519501300870106,
    11.596267841968205,
    11.442556627354701
  ],
  "time": [
    41.320204973220825,
    81.90285205841064,
    123.65720868110657,
    164.3436906337738,
    205.13237977027893
  ],
  "samples": [
    711900,
    1423800,
    2135700,
    2847600,
    3559500
  ]
}